UID,YSS Category (for shivam's reference),URLs for testing before redirection,YSS Old URL (Redirection FROM),YSS New URL (Redirection TO)
987670,OIS,https://test.yssofindia.org/teachings-library/discovering-our-immortal-nature-by-swami-jayananda-giri,/blog/discovering-our-immortal-nature-by-swami-jayananda-giri,/teachings-library/discovering-our-immortal-nature-by-swami-jayananda-giri
987664,OIS,https://test.yssofindia.org/teachings-library/change-yourself-through-yoga-international-day-of-yoga-talk-and-guided-meditation-by-ranjana-mai,/blog/change-yourself-through-yoga-international-day-of-yoga-talk-and-guided-meditation-by-ranjana-mai,/teachings-library/change-yourself-through-yoga-international-day-of-yoga-talk-and-guided-meditation-by-ranjana-mai
987665,OIS,https://test.yssofindia.org/teachings-library/the-eternal-love-of-god-by-priya-mai,/blog/the-eternal-love-of-god-by-priya-mai,/teachings-library/the-eternal-love-of-god-by-priya-mai
987666,OIS,https://test.yssofindia.org/teachings-library/the-kriya-yoga-path-of-divine-living-by-swami-chidananda-giri,/blog/the-kriya-yoga-path-of-divine-living-by-swami-chidananda-giri,/teachings-library/the-kriya-yoga-path-of-divine-living-by-swami-chidananda-giri
987667,OIS,https://test.yssofindia.org/teachings-library/overcoming-fears-and-mental-ruts-using-the-mind-to-free-the-mind-by-swami-govindananda-giri,/blog/overcoming-fears-and-mental-ruts-using-the-mind-to-free-the-mind-by-swami-govindananda-giri,/teachings-library/overcoming-fears-and-mental-ruts-using-the-mind-to-free-the-mind-by-swami-govindananda-giri
987668,OIS,https://test.yssofindia.org/teachings-library/taking-control-of-your-lifes-destiny-by-swami-vishwananda-giri,/blog/taking-control-of-your-lifes-destiny-by-swami-vishwananda-giri,/teachings-library/taking-control-of-your-lifes-destiny-by-swami-vishwananda-giri
987669,OIS,https://test.yssofindia.org/teachings-library/do-we-live-one-or-many-lives-by-swami-padmananda-giri,/blog/do-we-live-one-or-many-lives-by-swami-padmananda-giri,/teachings-library/do-we-live-one-or-many-lives-by-swami-padmananda-giri
987644,OIS,https://test.yssofindia.org/teachings-library/the-mother-aspect-of-god-by-swami-anandamoy-giri,/blog/the-mother-aspect-of-god-by-swami-anandamoy-giri,/teachings-library/the-mother-aspect-of-god-by-swami-anandamoy-giri
987645,OIS,https://test.yssofindia.org/teachings-library/change-your-habits-by-swami-anantananda-giri,/blog/change-your-habits-by-swami-anantananda-giri,/teachings-library/change-your-habits-by-swami-anantananda-giri
987646,OIS,https://test.yssofindia.org/teachings-library/the-true-meaning-of-salvation-by-swami-nakulananda-giri,/blog/the-true-meaning-of-salvation-by-swami-nakulananda-giri,/teachings-library/the-true-meaning-of-salvation-by-swami-nakulananda-giri
987647,YSS OIS,https://test.yssofindia.org/teachings-library/peace-and-prosperity-through-kriya-yoga-by-swami-ishwarananada-giri,/blog/peace-and-prosperity-through-kriya-yoga-by-swami-ishwarananada-giri,/teachings-library/peace-and-prosperity-through-kriya-yoga-by-swami-ishwarananada-giri
987648,OIS,https://test.yssofindia.org/teachings-library/choosing-to-be-happy-by-swami-ishtananda-giri,/blog/choosing-to-be-happy-by-swami-ishtananda-giri,/teachings-library/choosing-to-be-happy-by-swami-ishtananda-giri
987649,OIS,https://test.yssofindia.org/teachings-library/look-always-to-the-light-by-sri-mrinalini-mata,/blog/look-always-to-the-light-by-sri-mrinalini-mata,/teachings-library/look-always-to-the-light-by-sri-mrinalini-mata
987650,OIS,https://test.yssofindia.org/teachings-library/forging-divine-consciousness-in-the-fires-of-daily-existence-by-swami-bhumananda-giri,/blog/forging-divine-consciousness-in-the-fires-of-daily-existence-by-swami-bhumananda-giri,/teachings-library/forging-divine-consciousness-in-the-fires-of-daily-existence-by-swami-bhumananda-giri
987651,YSS OIS,https://test.yssofindia.org/teachings-library/making-god-the-companion-of-our-lives-by-swami-pavitrananda-giri,/blog/making-god-the-companion-of-our-lives-by-swami-pavitrananda-giri,/teachings-library/making-god-the-companion-of-our-lives-by-swami-pavitrananda-giri
987652,OIS,https://test.yssofindia.org/teachings-library/growing-in-faith-and-unconditional-love-by-bhakti-mai,/blog/growing-in-faith-and-unconditional-love-by-bhakti-mai,/teachings-library/growing-in-faith-and-unconditional-love-by-bhakti-mai
987653,OIS,https://test.yssofindia.org/teachings-library/experiencing-the-nature-of-the-soul-by-swami-saralananda-giri,/blog/experiencing-the-nature-of-the-soul-by-swami-saralananda-giri,/teachings-library/experiencing-the-nature-of-the-soul-by-swami-saralananda-giri
987654,OIS,https://test.yssofindia.org/teachings-library/the-purpose-of-life-by-swami-satyananda-giri,/blog/the-purpose-of-life-by-swami-satyananda-giri,/teachings-library/the-purpose-of-life-by-swami-satyananda-giri
838316,OIS,https://test.yssofindia.org/teachings-library/experiencing-the-grace-love-guidance-and-eternal-friendship-of-the-guru-by-swami-chidananda-giri,/blog/experiencing-the-grace-love-guidance-and-eternal-friendship-of-the-guru-by-swami-chidananda-giri,/teachings-library/experiencing-the-grace-love-guidance-and-eternal-friendship-of-the-guru-by-swami-chidananda-giri
876600,OIS,https://test.yssofindia.org/teachings-library/behind-the-physical-cosmos-a-world-of-light-and-energy-by-swami-prafullananda-giri,/blog/behind-the-physical-cosmos-a-world-of-light-and-energy-by-swami-prafullananda-giri,/teachings-library/behind-the-physical-cosmos-a-world-of-light-and-energy-by-swami-prafullananda-giri
866639,OIS,https://test.yssofindia.org/teachings-library/the-new-year-a-time-for-spiritual-renewal-by-swami-anandamoy-giri,/blog/the-new-year-a-time-for-spiritual-renewal-by-swami-anandamoy-giri,/teachings-library/the-new-year-a-time-for-spiritual-renewal-by-swami-anandamoy-giri
824265,OIS,https://test.yssofindia.org/teachings-library/the-way-to-lasting-peace-and-happiness-by-ranjana-mai,/blog/the-way-to-lasting-peace-and-happiness-by-ranjana-mai,/teachings-library/the-way-to-lasting-peace-and-happiness-by-ranjana-mai
862855,OIS,https://test.yssofindia.org/teachings-library/ways-to-conquer-fear-by-swami-nikhilananda-giri,/blog/ways-to-conquer-fear-by-swami-nikhilananda-giri,/teachings-library/ways-to-conquer-fear-by-swami-nikhilananda-giri
824593,OIS,https://test.yssofindia.org/teachings-library/dynamic-will-can-change-your-life-by-swami-anandamoy-giri,/blog/dynamic-will-can-change-your-life-by-swami-anandamoy-giri,/teachings-library/dynamic-will-can-change-your-life-by-swami-anandamoy-giri
877991,OIS,https://test.yssofindia.org/teachings-library/seeing-god-in-all-people-and-in-all-conditions-by-swami-sevananda-giri,/blog/seeing-god-in-all-people-and-in-all-conditions-by-swami-sevananda-giri,/teachings-library/seeing-god-in-all-people-and-in-all-conditions-by-swami-sevananda-giri
827066,OIS,https://test.yssofindia.org/teachings-library/giving-thanks-for-lifes-blessings-by-swami-ishtananda,/blog/giving-thanks-for-lifes-blessings-by-swami-ishtananda,/teachings-library/giving-thanks-for-lifes-blessings-by-swami-ishtananda
806570,OIS,https://test.yssofindia.org/teachings-library/the-importance-of-prayer-by-swami-kamalananda-giri,/blog/the-importance-of-prayer-by-swami-kamalananda-giri,/teachings-library/the-importance-of-prayer-by-swami-kamalananda-giri
817342,OIS,https://test.yssofindia.org/teachings-library/the-bhagavad-gita-masterful-guide-for-everyday-spiritual-living-by-swami-chidananda-giri,/blog/the-bhagavad-gita-masterful-guide-for-everyday-spiritual-living-by-swami-chidananda-giri,/teachings-library/the-bhagavad-gita-masterful-guide-for-everyday-spiritual-living-by-swami-chidananda-giri
811512,OIS,https://test.yssofindia.org/teachings-library/address-at-the-release-of-hindi-translation-of-god-talks-with-arjuna-the-bhagavad-gita,/blog/swami-chidanandaji-on-the-universal-blessings-of-a-true-scripture-video,/teachings-library/address-at-the-release-of-hindi-translation-of-god-talks-with-arjuna-the-bhagavad-gita
863302,OIS,https://test.yssofindia.org/teachings-library/mastering-your-habits-by-swami-govindananda-giri,/blog/mastering-your-habits-by-swami-govindananda-giri,/teachings-library/mastering-your-habits-by-swami-govindananda-giri
801015,OIS,https://test.yssofindia.org/teachings-library/making-our-inner-relationship-with-god-more-dynamic-by-swami-satyananda-giri,/blog/making-our-inner-relationship-with-god-more-dynamic-by-swami-satyananda-giri,/teachings-library/making-our-inner-relationship-with-god-more-dynamic-by-swami-satyananda-giri
868673,OIS,https://test.yssofindia.org/teachings-library/karma-yoga-balancing-activity-and-meditation-by-sri-daya-mata,/blog/karma-yoga-balancing-activity-and-meditation-by-sri-daya-mata,/teachings-library/karma-yoga-balancing-activity-and-meditation-by-sri-daya-mata
831123,OIS,https://test.yssofindia.org/teachings-library/how-to-be-a-friend-to-all-by-swami-sevananda-giri,/blog/how-to-be-a-friend-to-all-by-swami-sevananda-giri,/teachings-library/how-to-be-a-friend-to-all-by-swami-sevananda-giri
856760,OIS,https://test.yssofindia.org/teachings-library/how-to-rise-above-pressures-and-problems-by-ranjana-mai,/blog/how-to-rise-above-pressures-and-problems-by-ranjana-mai,/teachings-library/how-to-rise-above-pressures-and-problems-by-ranjana-mai
863994,OIS,https://test.yssofindia.org/teachings-library/a-spiritual-approach-to-world-peace-by-swami-bhumananda-giri,/blog/a-spiritual-approach-to-world-peace-by-swami-bhumananda-giri,/teachings-library/a-spiritual-approach-to-world-peace-by-swami-bhumananda-giri
833072,OIS,https://test.yssofindia.org/teachings-library/kriya-yoga-portal-to-the-infinite-by-swami-anandamoy-giri,/blog/kriya-yoga-portal-to-the-infinite-by-swami-anandamoy-giri,/teachings-library/kriya-yoga-portal-to-the-infinite-by-swami-anandamoy-giri
880779,OIS,https://test.yssofindia.org/teachings-library/how-to-commune-with-god-through-devotion-by-swami-jayananda-giri,/blog/how-to-commune-with-god-through-devotion-by-swami-jayananda-giri,/teachings-library/how-to-commune-with-god-through-devotion-by-swami-jayananda-giri
818789,OIS,https://test.yssofindia.org/teachings-library/a-spiritual-approach-to-family-life-by-priya-mai,/blog/a-spiritual-approach-to-family-life-by-priya-mai,/teachings-library/a-spiritual-approach-to-family-life-by-priya-mai
898110,OIS,https://test.yssofindia.org/teachings-library/a-heart-aflame-developing-a-loving-relationship-with-god-by-sri-daya-mata,/blog/a-heart-aflame-developing-a-loving-relationship-with-god-by-sri-daya-mata,/teachings-library/a-heart-aflame-developing-a-loving-relationship-with-god-by-sri-daya-mata
822377,OIS,https://test.yssofindia.org/teachings-library/how-to-overcome-nervousness-by-swami-sattvananda-giri,/blog/how-to-overcome-nervousness-by-swami-sattvananda-giri,/teachings-library/how-to-overcome-nervousness-by-swami-sattvananda-giri
892280,OIS,https://test.yssofindia.org/teachings-library/the-spiritual-art-of-getting-along-with-others-by-swami-nakulananda-giri,/blog/the-spiritual-art-of-getting-along-with-others-by-swami-nakulananda-giri,/teachings-library/the-spiritual-art-of-getting-along-with-others-by-swami-nakulananda-giri
869248,OIS,https://test.yssofindia.org/teachings-library/workshop-finding-spiritual-balance-in-your-life-by-ranjana-mai,/blog/workshop-finding-spiritual-balance-in-your-life-by-ranjana-mai,/teachings-library/workshop-finding-spiritual-balance-in-your-life-by-ranjana-mai
875157,OIS,https://test.yssofindia.org/teachings-library/developing-an-unconquerable-will-by-swami-achalananda-giri,/blog/developing-an-unconquerable-will-by-swami-achalananda-giri,/teachings-library/developing-an-unconquerable-will-by-swami-achalananda-giri
884246,OIS,https://test.yssofindia.org/teachings-library/finding-god-in-family-life-by-swami-ishtananda-giri,/blog/finding-god-in-family-life-by-swami-ishtananda-giri,/teachings-library/finding-god-in-family-life-by-swami-ishtananda-giri
847298,OIS,https://test.yssofindia.org/teachings-library/how-devotion-reveals-the-invisible-god-by-swami-kamalananda-giri,/blog/how-devotion-reveals-the-invisible-god-by-swami-kamalananda-giri,/teachings-library/how-devotion-reveals-the-invisible-god-by-swami-kamalananda-giri
817928,OIS,https://test.yssofindia.org/teachings-library/self-esteem-a-spiritual-perspective-by-mukti-mata,/blog/self-esteem-a-spiritual-perspective-by-mukti-mata,/teachings-library/self-esteem-a-spiritual-perspective-by-mukti-mata
877244,OIS,https://test.yssofindia.org/teachings-library/what-is-salvation-by-swami-prafullananda-giri,/blog/what-is-salvation-by-swami-prafullananda-giri,/teachings-library/what-is-salvation-by-swami-prafullananda-giri
875182,OIS,https://test.yssofindia.org/teachings-library/the-mother-aspect-of-god-by-swami-bhumananda-giri,/blog/the-mother-aspect-of-god-by-swami-bhumananda-giri,/teachings-library/the-mother-aspect-of-god-by-swami-bhumananda-giri
830469,OIS,https://test.yssofindia.org/teachings-library/how-to-perceive-gods-presence-in-the-stillness-of-meditation-by-swami-saralananda-giri,/blog/how-to-perceive-gods-presence-in-the-stillness-of-meditation-by-swami-saralananda-giri,/teachings-library/how-to-perceive-gods-presence-in-the-stillness-of-meditation-by-swami-saralananda-giri
825449,OIS,https://test.yssofindia.org/teachings-library/the-purpose-of-life-by-swami-nakulananda-giri,/blog/the-purpose-of-life-by-swami-nakulananda-giri,/teachings-library/the-purpose-of-life-by-swami-nakulananda-giri
854306,OIS,https://test.yssofindia.org/teachings-library/creating-world-unity-through-yoga-meditation-by-swami-ritananda-giri,/blog/creating-world-unity-through-yoga-meditation-by-swami-ritananda-giri,/teachings-library/creating-world-unity-through-yoga-meditation-by-swami-ritananda-giri
809279,OIS,https://test.yssofindia.org/teachings-library/the-importance-of-a-true-guru-by-swami-anandamoy-giri,/blog/the-importance-of-a-true-guru-by-swami-anandamoy-giri,/teachings-library/the-importance-of-a-true-guru-by-swami-anandamoy-giri
883460,OIS,https://test.yssofindia.org/teachings-library/the-personal-approach-to-god-by-swami-bhaktananda-giri,/blog/the-personal-approach-to-god-by-swami-bhaktananda-giri,/teachings-library/the-personal-approach-to-god-by-swami-bhaktananda-giri
867141,OIS,https://test.yssofindia.org/teachings-library/sustaining-a-joyful-heart-in-times-of-adversity-by-swami-sevananda-giri,/blog/sustaining-a-joyful-heart-in-times-of-adversity-by-swami-sevananda-giri,/teachings-library/sustaining-a-joyful-heart-in-times-of-adversity-by-swami-sevananda-giri
874822,OIS,https://test.yssofindia.org/teachings-library/building-our-relationships-on-a-spiritual-foundation-by-bhakti-mai,/blog/building-our-relationships-on-a-spiritual-foundation-by-bhakti-mai,/teachings-library/building-our-relationships-on-a-spiritual-foundation-by-bhakti-mai
818451,OIS,https://test.yssofindia.org/teachings-library/finding-joy-in-plain-living-and-high-thinking-by-swami-satyananda-giri,/blog/finding-joy-in-plain-living-and-high-thinking-by-swami-satyananda-giri,/teachings-library/finding-joy-in-plain-living-and-high-thinking-by-swami-satyananda-giri
843218,OIS,https://test.yssofindia.org/teachings-library/removing-mental-ruts-with-new-ways-of-living-by-swami-vishwananda-giri,/blog/removing-mental-ruts-with-new-ways-of-living-by-swami-vishwananda-giri,/teachings-library/removing-mental-ruts-with-new-ways-of-living-by-swami-vishwananda-giri
836731,OIS,https://test.yssofindia.org/teachings-library/developing-dynamic-will-power-by-swami-govindananda-giri,/blog/developing-dynamic-will-power-by-swami-govindananda-giri,/teachings-library/developing-dynamic-will-power-by-swami-govindananda-giri
863666,OIS,https://test.yssofindia.org/teachings-library/concentration-key-to-communion-with-god-by-swami-ishtananda-giri,/blog/blog-concentration-key-to-communion-with-god-by-swami-ishtananda-giri,/teachings-library/concentration-key-to-communion-with-god-by-swami-ishtananda-giri
833022,OIS,https://test.yssofindia.org/teachings-library/coping-with-lifes-tests-by-sri-mrinalini-mata,/blog/blog-coping-with-lifes-test-by-sri-mrinalini-mata,/teachings-library/coping-with-lifes-tests-by-sri-mrinalini-mata
851129,OIS,https://test.yssofindia.org/teachings-library/giving-thanks-for-lifes-blessings-by-swami-kamalananda-giri,/blog/giving-thanks-for-life-blessings-by-swami-kamalananda-giri,/teachings-library/giving-thanks-for-lifes-blessings-by-swami-kamalananda-giri
811653,OIS,https://test.yssofindia.org/teachings-library/finding-your-inner-strength-by-ranjana-mai,/blog/finding-your-inner-strength-by-ranjana-mai,/teachings-library/finding-your-inner-strength-by-ranjana-mai
830331,OIS,https://test.yssofindia.org/teachings-library/giving-thanks-for-lifes-blessings-attitudes-of-a-yogi-by-swami-jayananda,/blog/giving-thanks-for-lifes-blessings,/teachings-library/giving-thanks-for-lifes-blessings-attitudes-of-a-yogi-by-swami-jayananda
802161,OIS,https://test.yssofindia.org/teachings-library/the-science-of-kriya-yoga-by-swami-bhumananda-giri,/blog/the-science-of-kriya-yoga-by-swami-bhumananda-giri,/teachings-library/the-science-of-kriya-yoga-by-swami-bhumananda-giri
810494,OIS,https://test.yssofindia.org/teachings-library/attunement-with-the-christ-consciousness-by-swami-prafullananda-giri,/blog/attunement-with-the-christ-consciousness-by-swami-prafullananda-giri,/teachings-library/attunement-with-the-christ-consciousness-by-swami-prafullananda-giri
855126,OIS,https://test.yssofindia.org/teachings-library/yama-and-niyama-how-to-live-skills-for-inner-strength-and-freedom-by-swami-chidananda-giri,/blog/yama-and-niyama-how-to-live-skills-for-inner-strength-and-freedom-by-swami-chidananda-giri,/teachings-library/yama-and-niyama-how-to-live-skills-for-inner-strength-and-freedom-by-swami-chidananda-giri
894716,OIS,https://test.yssofindia.org/teachings-library/change-your-life-with-the-practice-of-silence-by-swami-jayananda-giri,/blog/change-your-life-with-the-practice-of-silence-by-swami-jayananda-giri,/teachings-library/change-your-life-with-the-practice-of-silence-by-swami-jayananda-giri
853835,OIS,https://test.yssofindia.org/teachings-library/a-world-in-transition-by-swami-anandamoy-giri,/blog/a-world-in-transition-by-swami-anandamoy-giri,/teachings-library/a-world-in-transition-by-swami-anandamoy-giri
887061,OIS,https://test.yssofindia.org/teachings-library/awakening-divine-memory-by-swami-ritananda-giri,/blog/awakening-divine-memory-by-swami-ritananda-giri,/teachings-library/awakening-divine-memory-by-swami-ritananda-giri
844982,OIS,https://test.yssofindia.org/teachings-library/bringing-the-power-of-joy-into-our-lives-by-swami-achalananda-giri,/blog/bringing-the-power-of-joy-into-our-lives-by-swami-achalananda-giri,/teachings-library/bringing-the-power-of-joy-into-our-lives-by-swami-achalananda-giri
846552,OIS,https://test.yssofindia.org/teachings-library/how-to-find-peace-in-todays-world-by-swami-sevananda-giri,/blog/how-to-find-peace-in-todays-world-by-swami-sevananda-giri,/teachings-library/how-to-find-peace-in-todays-world-by-swami-sevananda-giri
819046,OIS,https://test.yssofindia.org/teachings-library/the-yoga-sadhana-that-brings-gods-love-and-bliss-by-sri-mrinalini-mata,/blog/the-yoga-sadhana-that-brings-gods-love-and-bliss-by-sri-mrinalini-mata,/teachings-library/the-yoga-sadhana-that-brings-gods-love-and-bliss-by-sri-mrinalini-mata
856126,OIS,https://test.yssofindia.org/teachings-library/cultivating-the-divine-qualities-that-lead-to-self-realization-by-priya-mai,/blog/cultivating-the-divine-qualities-that-lead-to-self-realization-by-priya-mai,/teachings-library/cultivating-the-divine-qualities-that-lead-to-self-realization-by-priya-mai
825113,OIS,https://test.yssofindia.org/teachings-library/the-importance-of-developing-evenmindedness-by-swami-muktananda-giri,/blog/the-importance-of-developing-evenmindedness-by-swami-muktananda-giri,/teachings-library/the-importance-of-developing-evenmindedness-by-swami-muktananda-giri
844753,OIS,https://test.yssofindia.org/teachings-library/a-blessing-from-mahavatar-babaji-by-sri-daya-mata,/blog/a-blessing-from-mahavatar-babaji-by-sri-daya-mata,/teachings-library/a-blessing-from-mahavatar-babaji-by-sri-daya-mata
849120,OIS,https://test.yssofindia.org/teachings-library/creating-a-meaningful-personal-relationship-with-god-by-swami-anilananda-giri,/blog/creating-a-meaningful-personal-relationship-with-god-by-swami-anilananda-giri,/teachings-library/creating-a-meaningful-personal-relationship-with-god-by-swami-anilananda-giri
896073,OIS,https://test.yssofindia.org/teachings-library/the-gurus-unconditional-love-for-each-disciple-by-uma-mata,/blog/the-gurus-unconditional-love-for-each-disciple-by-uma-mata,/teachings-library/the-gurus-unconditional-love-for-each-disciple-by-uma-mata
871989,OIS,https://test.yssofindia.org/teachings-library/living-with-a-positive-and-joy-filled-attitude-by-namita-mai,/blog/living-with-a-positive-and-joy-filled-attitude-by-namita-mai,/teachings-library/living-with-a-positive-and-joy-filled-attitude-by-namita-mai
860447,OIS,https://test.yssofindia.org/teachings-library/how-to-improve-your-attention-and-concentration-by-swami-govindananda-giri,/blog/how-to-improve-your-attention-and-concentration-by-swami-govindananda-giri,/teachings-library/how-to-improve-your-attention-and-concentration-by-swami-govindananda-giri
838327,OIS,https://test.yssofindia.org/teachings-library/scientific-healing-by-gods-infinite-cosmic-energy-by-swami-bhumananda-giri,/blog/scientific-healing-by-gods-infinite-cosmic-energy-by-swami-bhumananda-giri,/teachings-library/scientific-healing-by-gods-infinite-cosmic-energy-by-swami-bhumananda-giri
881239,OIS,https://test.yssofindia.org/teachings-library/rediscovering-your-higher-self-by-swami-govindananda-giri,/blog/rediscovering-your-higher-self,/teachings-library/rediscovering-your-higher-self-by-swami-govindananda-giri
851092,OIS,https://test.yssofindia.org/teachings-library/facing-lifes-challenges-with-courage-and-faith-by-swami-nakulananda-giri,/blog/facing-lifes-challenges-with-courage-and-faith,/teachings-library/facing-lifes-challenges-with-courage-and-faith-by-swami-nakulananda-giri
882116,OIS,https://test.yssofindia.org/teachings-library/gods-nature-in-the-mother-by-draupadi-mai,/blog/gods-nature-in-the-mother,/teachings-library/gods-nature-in-the-mother-by-draupadi-mai
816076,OIS,https://test.yssofindia.org/teachings-library/taking-shelter-in-god-by-swami-satyananda-giri,/blog/taking-shelter-in-god,/teachings-library/taking-shelter-in-god-by-swami-satyananda-giri
873541,OIS,https://test.yssofindia.org/teachings-library/the-liberating-power-of-affirmation-by-swami-prafullananda-giri,/blog/the-liberating-power-of-affirmation,/teachings-library/the-liberating-power-of-affirmation-by-swami-prafullananda-giri
841760,OIS,https://test.yssofindia.org/teachings-library/kriya-yoga-science-of-spiritual-living-for-the-modern-age-by-swami-chidananda-giri,/blog/kriya-yoga-science-of-spiritual-living-for-the-modern-age-by-swami-chidananda-giri,/teachings-library/kriya-yoga-science-of-spiritual-living-for-the-modern-age-by-swami-chidananda-giri
837275,OIS,https://test.yssofindia.org/teachings-library/perseverance-secret-of-spiritual-success-by-swami-nakulananda-giri,/blog/perseverance-secret-of-spiritual-success,/teachings-library/perseverance-secret-of-spiritual-success-by-swami-nakulananda-giri
884396,OIS,https://test.yssofindia.org/teachings-library/the-need-for-a-true-guru-in-ones-life-by-swami-smaranananda-giri,/blog/the-need-for-a-true-guru-in-ones-life,/teachings-library/the-need-for-a-true-guru-in-ones-life-by-swami-smaranananda-giri
881068,OIS,https://test.yssofindia.org/teachings-library/the-cosmic-motion-picture-by-swami-bhumananda-giri,/blog/the-cosmic-motion-picture,/teachings-library/the-cosmic-motion-picture-by-swami-bhumananda-giri
888531,OIS,https://test.yssofindia.org/teachings-library/the-secrets-of-spiritual-progress-by-swami-jayananda-giri,/blog/the-secrets-of-spiritual-progress,/teachings-library/the-secrets-of-spiritual-progress-by-swami-jayananda-giri
838194,OIS,https://test.yssofindia.org/teachings-library/harnessing-the-power-of-the-mind-by-swami-govindananda-giri,/blog/harnessing-the-power-of-the-mind,/teachings-library/harnessing-the-power-of-the-mind-by-swami-govindananda-giri
851020,OIS,https://test.yssofindia.org/teachings-library/cultivating-spiritual-enthusiasm-by-swami-sattvananda-giri,/blog/cultivating-spiritual-enthusiasm,/teachings-library/cultivating-spiritual-enthusiasm-by-swami-sattvananda-giri
884658,OIS,https://test.yssofindia.org/teachings-library/experiencing-god-within-by-swami-anandamoy-giri,/blog/experiencing-god-within,/teachings-library/experiencing-god-within-by-swami-anandamoy-giri
880017,OIS,https://test.yssofindia.org/teachings-library/cultivating-deeper-faith-by-swami-achalananda-giri,/blog/cultivating-deeper-faith,/teachings-library/cultivating-deeper-faith-by-swami-achalananda-giri
860661,OIS,https://test.yssofindia.org/teachings-library/how-you-can-talk-with-god-by-karuna-mai,/blog/how-you-can-talk-with-god,/teachings-library/how-you-can-talk-with-god-by-karuna-mai
812301,OIS,https://test.yssofindia.org/teachings-library/prayer-trusting-god-in-every-circumstance-by-mukti-mata,/blog/prayer-trusting-god-in-every-circumstance-by-mukti-mata,/teachings-library/prayer-trusting-god-in-every-circumstance-by-mukti-mata
854474,OIS,https://test.yssofindia.org/teachings-library/guru-and-disciple-an-eternal-covenant-of-love-by-swami-bhaktananda-giri,/blog/guru-and-disciple-an-eternal-covenant-of-love,/teachings-library/guru-and-disciple-an-eternal-covenant-of-love-by-swami-bhaktananda-giri
896930,OIS,https://test.yssofindia.org/teachings-library/kriya-yoga-universal-science-of-god-realization-by-swami-anandamoy-giri,/blog/kriya-yoga-universal-science-of-god-realization,/teachings-library/kriya-yoga-universal-science-of-god-realization-by-swami-anandamoy-giri
889909,OIS,https://test.yssofindia.org/teachings-library/developing-a-moment-to-moment-relationship-with-god-by-swami-govindananda-giri,/blog/developing-a-moment-to-moment-relationship-with-god,/teachings-library/developing-a-moment-to-moment-relationship-with-god-by-swami-govindananda-giri
870446,OIS,https://test.yssofindia.org/teachings-library/yoga-and-the-steps-to-unconditional-love-by-swami-bhumananda-giri,/blog/yoga-and-the-steps-to-unconditional-love,/teachings-library/yoga-and-the-steps-to-unconditional-love-by-swami-bhumananda-giri
844534,OIS,https://test.yssofindia.org/teachings-library/opening-our-hearts-and-minds-to-the-guru-by-bhakti-mai,/blog/opening-our-hearts-and-minds-to-the-guru,/teachings-library/opening-our-hearts-and-minds-to-the-guru-by-bhakti-mai
818573,OIS,https://test.yssofindia.org/teachings-library/keep-on-keeping-on-taking-god-with-you-by-swami-achalananda-giri,/blog/keep-on-keeping-on-taking-god-with-you,/teachings-library/keep-on-keeping-on-taking-god-with-you-by-swami-achalananda-giri
832397,OIS,https://test.yssofindia.org/teachings-library/deepen-your-meditations-let-go-of-the-drama-by-swami-satyananda-giri,/blog/deepen-your-meditations-let-go-of-the-drama,/teachings-library/deepen-your-meditations-let-go-of-the-drama-by-swami-satyananda-giri
871963,OIS,https://test.yssofindia.org/teachings-library/forgiveness-experiencing-the-compassion-of-god-by-swami-saralananda-giri,/blog/forgiveness-experiencing-the-compassion-of-god,/teachings-library/forgiveness-experiencing-the-compassion-of-god-by-swami-saralananda-giri
864576,OIS,https://test.yssofindia.org/teachings-library/prayer-embracing-our-world-with-compassion-and-understanding-by-preeti-mai,/blog/prayer-embracing-our-world-with-compassion-and-understanding,/teachings-library/prayer-embracing-our-world-with-compassion-and-understanding-by-preeti-mai
812964,OIS,https://test.yssofindia.org/teachings-library/becoming-humble-bearers-of-light-by-swami-ishtananda-giri,/blog/becoming-humble-bearers-of-light-by-swami-ishtananda-giri,/teachings-library/becoming-humble-bearers-of-light-by-swami-ishtananda-giri
870216,OIS,https://test.yssofindia.org/teachings-library/living-in-constant-remembrance-of-god-by-swami-nakulananda-giri,/blog/living-in-constant-remembrance-of-god-by-swami-nakulananda-giri,/teachings-library/living-in-constant-remembrance-of-god-by-swami-nakulananda-giri
871953,OIS,https://test.yssofindia.org/teachings-library/a-spirit-of-renewal-and-joy-by-usha-mai,/blog/a-spirit-of-renewal-and-joy,/teachings-library/a-spirit-of-renewal-and-joy-by-usha-mai
839629,OIS,https://test.yssofindia.org/teachings-library/faith-learning-to-express-the-unerring-intuition-within-us-by-swami-bhumananda-giri,/blog/faith-learning-to-express-the-unerring-intuition-within-us,/teachings-library/faith-learning-to-express-the-unerring-intuition-within-us-by-swami-bhumananda-giri
887620,OIS,https://test.yssofindia.org/teachings-library/lifes-challenges-opportunities-for-spiritual-progress-by-swami-prafullananda-giri,/blog/lifes-challenges-opportunities-for-spiritual-progress,/teachings-library/lifes-challenges-opportunities-for-spiritual-progress-by-swami-prafullananda-giri
851810,OIS,https://test.yssofindia.org/teachings-library/introspection-key-to-self-discovery-by-swami-govindananda-giri,/blog/introspection-key-to-self-discovery,/teachings-library/introspection-key-to-self-discovery-by-swami-govindananda-giri
849107,OIS,https://test.yssofindia.org/teachings-library/living-fearlessly-overcoming-the-causes-of-stress-and-worry-by-swami-jayananda-giri,/blog/living-fearlessly-overcoming-the-causes-of-stress-and-worry,/teachings-library/living-fearlessly-overcoming-the-causes-of-stress-and-worry-by-swami-jayananda-giri
836219,OIS,https://test.yssofindia.org/teachings-library/remembering-who-you-really-are-the-soul-by-brahmani-mai,/blog/remembering-who-you-really-are-the-soul,/teachings-library/remembering-who-you-really-are-the-soul-by-brahmani-mai
868264,OIS,https://test.yssofindia.org/teachings-library/how-to-spiritualize-your-everyday-experiences-by-swami-satyananda-giri,/blog/how-to-spiritualize-your-everyday-experiences,/teachings-library/how-to-spiritualize-your-everyday-experiences-by-swami-satyananda-giri
839384,OIS,https://test.yssofindia.org/teachings-library/receiving-gods-response-in-the-silence-of-meditation-by-swami-saralananda-giri,/blog/receiving-gods-response-in-the-silence-of-meditation,/teachings-library/receiving-gods-response-in-the-silence-of-meditation-by-swami-saralananda-giri
883811,OIS,https://test.yssofindia.org/teachings-library/spiritualizing-our-relationships-by-preeti-mai,/blog/spiritualizing-our-relationships,/teachings-library/spiritualizing-our-relationships-by-preeti-mai
813720,OIS,https://test.yssofindia.org/teachings-library/dharma-the-path-of-virtue-that-leads-to-god-by-swami-vishwananda-giri,/blog/dharma-the-path-of-virtue-that-leads-to-god,/teachings-library/dharma-the-path-of-virtue-that-leads-to-god-by-swami-vishwananda-giri
839167,OIS,https://test.yssofindia.org/teachings-library/change-your-thoughts-change-your-life-by-swami-bhumananda-giri,/blog/change-your-thoughts-change-your-life,/teachings-library/change-your-thoughts-change-your-life-by-swami-bhumananda-giri
816789,OIS,https://test.yssofindia.org/teachings-library/there-is-no-death-by-swami-prafullananda-giri,/blog/there-is-no-death,/teachings-library/there-is-no-death-by-swami-prafullananda-giri
873888,OIS,https://test.yssofindia.org/teachings-library/embraced-in-gods-love-the-guru-disciple-relationship-by-bhakti-mai,/blog/embraced-in-gods-love-the-guru-disciple-relationship,/teachings-library/embraced-in-gods-love-the-guru-disciple-relationship-by-bhakti-mai
884191,OIS,https://test.yssofindia.org/teachings-library/faith-a-cornerstone-of-the-spiritual-life-by-swami-anilananda-giri,/blog/faith-a-cornerstone-of-spiritual-living,/teachings-library/faith-a-cornerstone-of-the-spiritual-life-by-swami-anilananda-giri
819088,OIS,https://test.yssofindia.org/teachings-library/living-a-balanced-life-in-a-complex-world-by-swami-jayananda-giri,/blog/living-a-balanced-life-in-a-complex-world,/teachings-library/living-a-balanced-life-in-a-complex-world-by-swami-jayananda-giri
882917,OIS,https://test.yssofindia.org/teachings-library/are-we-letting-lifes-circumstances-control-us-by-swami-sevananda-giri,/blog/are-we-letting-lifes-circumstances-control-us,/teachings-library/are-we-letting-lifes-circumstances-control-us-by-swami-sevananda-giri
856090,OIS,https://test.yssofindia.org/teachings-library/service-the-power-of-love-in-action-by-swami-ritananda-giri,/blog/service-the-power-of-love-in-action,/teachings-library/service-the-power-of-love-in-action-by-swami-ritananda-giri
833863,OIS,https://test.yssofindia.org/teachings-library/how-to-develop-dynamic-will-power-by-ranjana-mai,/blog/how-to-develop-dynamic-will-power,/teachings-library/how-to-develop-dynamic-will-power-by-ranjana-mai
856412,OIS,https://test.yssofindia.org/teachings-library/let-every-day-be-christmas-by-sri-sri-daya-mata,/blog/let-every-day-be-christmas-by-sri-sri-daya-mata,/teachings-library/let-every-day-be-christmas-by-sri-sri-daya-mata
833356,OIS,https://test.yssofindia.org/teachings-library/how-to-live-a-god-oriented-life-by-swami-sattvananda-giri,/blog/how-to-live-a-god-oriented-life-by-swami-sattvananda-giri,/teachings-library/how-to-live-a-god-oriented-life-by-swami-sattvananda-giri
872769,OIS,https://test.yssofindia.org/teachings-library/expanding-our-love-for-others-and-for-god-by-swami-saralananda-giri,/blog/expanding-our-love-for-others-and-for-god-by-swami-saralananda-giri,/teachings-library/expanding-our-love-for-others-and-for-god-by-swami-saralananda-giri
821927,OIS,https://test.yssofindia.org/teachings-library/hearing-the-voice-of-conscience-within-you-by-swami-satyananda-giri,/blog/hearing-the-voice-of-conscience-within-you-by-swami-satyananda-giri,/teachings-library/hearing-the-voice-of-conscience-within-you-by-swami-satyananda-giri
874157,OIS,https://test.yssofindia.org/teachings-library/cultivating-faith-and-inner-strength-in-todays-world-by-nandini-mai,/blog/cultivating-faith-and-inner-strength-in-todays-world-by-nandini-mai,/teachings-library/cultivating-faith-and-inner-strength-in-todays-world-by-nandini-mai
883017,OIS,https://test.yssofindia.org/teachings-library/loyalty-highest-law-for-spiritual-success-by-swami-ishtananda-giri,/blog/loyalty-highest-law-for-spiritual-success-by-swami-ishtananda-giri,/teachings-library/loyalty-highest-law-for-spiritual-success-by-swami-ishtananda-giri
820920,OIS,https://test.yssofindia.org/teachings-library/overcoming-nervousness-by-swami-nakulananda-giri,/blog/overcoming-nervousness-by-swami-nakulananda-giri,/teachings-library/overcoming-nervousness-by-swami-nakulananda-giri
863683,OIS,https://test.yssofindia.org/teachings-library/living-with-gratitude-by-brahmani-mai,/blog/living-with-gratitude-by-brahmani-mai,/teachings-library/living-with-gratitude-by-brahmani-mai
895219,OIS,https://test.yssofindia.org/teachings-library/become-fearless-centre-your-life-in-god-by-swami-govindananda-giri,/blog/become-fearless-centre-your-life-in-god-by-swami-govindananda-giri,/teachings-library/become-fearless-centre-your-life-in-god-by-swami-govindananda-giri
855810,OIS,https://test.yssofindia.org/teachings-library/spiritualizing-family-life-by-ranjana-mai,/blog/spiritualizing-family-life-by-ranjana-mai,/teachings-library/spiritualizing-family-life-by-ranjana-mai
896566,OIS,https://test.yssofindia.org/teachings-library/what-is-truth-by-swami-ritananda-giri,/blog/what-is-truth-by-swami-ritananda-giri,/teachings-library/what-is-truth-by-swami-ritananda-giri
815517,OIS,https://test.yssofindia.org/teachings-library/love-human-and-divine-by-swami-satyananda-giri,/blog/love-human-and-divine-by-swami-satyananda-giri,/teachings-library/love-human-and-divine-by-swami-satyananda-giri
896494,OIS,https://test.yssofindia.org/teachings-library/the-caring-heart-of-divine-mother-by-nandini-mai,/blog/the-caring-heart-of-divine-mother-by-nandini-mai,/teachings-library/the-caring-heart-of-divine-mother-by-nandini-mai
829754,OIS,https://test.yssofindia.org/teachings-library/controlling-the-power-of-habits-by-swami-prafullananda-giri,/blog/controlling-the-power-of-habits-by-swami-prafullananda-giri,/teachings-library/controlling-the-power-of-habits-by-swami-prafullananda-giri
888124,OIS,https://test.yssofindia.org/teachings-library/ways-to-conquer-fear-by-swami-saralananda-giri,/blog/ways-to-conquer-fear-by-swami-saralananda-giri,/teachings-library/ways-to-conquer-fear-by-swami-saralananda-giri
859020,OIS,https://test.yssofindia.org/teachings-library/attuning-our-lives-with-gods-plan-by-swami-chidananda-giri,/blog/attuning-our-lives-with-gods-plan-by-swami-chidananda-giri,/teachings-library/attuning-our-lives-with-gods-plan-by-swami-chidananda-giri
881703,OIS,https://test.yssofindia.org/teachings-library/discovering-the-lasting-happiness-of-your-soul-by-swami-nakulananda-giri,/blog/discovering-the-lasting-happiness-of-your-soul-by-swami-nakulananda-giri,/teachings-library/discovering-the-lasting-happiness-of-your-soul-by-swami-nakulananda-giri
829885,OIS,https://test.yssofindia.org/teachings-library/creating-your-spiritual-environment-by-swami-anandamoy-giri,/blog/creating-your-spiritual-environment-by-swami-anandamoy-giri,/teachings-library/creating-your-spiritual-environment-by-swami-anandamoy-giri
899458,OIS,https://test.yssofindia.org/teachings-library/uniting-our-will-with-gods-infinite-power-by-swami-sevananda-giri,/blog/uniting-our-will-with-gods-infinite-power-by-swami-sevananda-giri,/teachings-library/uniting-our-will-with-gods-infinite-power-by-swami-sevananda-giri
866065,OIS,https://test.yssofindia.org/teachings-library/achieving-your-material-and-spiritual-goals-by-swami-chidananda-giri,/blog/achieving-your-material-and-spiritual-goals-by-swami-chidananda-giri,/teachings-library/achieving-your-material-and-spiritual-goals-by-swami-chidananda-giri
815929,OIS,https://test.yssofindia.org/teachings-library/paramahansa-yogananda-a-world-teacher-by-swami-anandamoy-giri,/blog/paramahansa-yogananda-a-world-teacher-by-swami-anandamoy-giri,/teachings-library/paramahansa-yogananda-a-world-teacher-by-swami-anandamoy-giri
867302,OIS,https://test.yssofindia.org/teachings-library/spiritual-generosity-the-art-of-selflessly-helping-others-by-swami-nakulananda-giri,/blog/spiritual-generosity-the-art-of-selflessly-helping-others,/teachings-library/spiritual-generosity-the-art-of-selflessly-helping-others-by-swami-nakulananda-giri
861954,OIS,https://test.yssofindia.org/teachings-library/living-in-the-sacred-presence-of-divine-mother-by-swami-chidananda-giri,/blog/living-in-the-sacred-presence-of-the-divine-mother,/teachings-library/living-in-the-sacred-presence-of-divine-mother-by-swami-chidananda-giri
844084,OIS,https://test.yssofindia.org/teachings-library/the-cosmic-mystery-of-karma-and-reincarnation-by-swami-sevananda-giri,/blog/the-cosmic-mystery-of-karma-and-reincarnation,/teachings-library/the-cosmic-mystery-of-karma-and-reincarnation-by-swami-sevananda-giri
848374,OIS,https://test.yssofindia.org/teachings-library/your-thoughts-can-change-your-life-by-swami-anandamoy-giri,/blog/your-thoughts-can-change-your-life,/teachings-library/your-thoughts-can-change-your-life-by-swami-anandamoy-giri
815142,OIS,https://test.yssofindia.org/teachings-library/coping-with-lifes-challenges-by-swami-smaranananda-giri,/blog/coping-with-lifes-challenges,/teachings-library/coping-with-lifes-challenges-by-swami-smaranananda-giri
811107,OIS,https://test.yssofindia.org/teachings-library/spiritual-happiness-tapping-into-the-souls-storehouse-of-love-peace-and-joy-by-preeti-mai,/blog/spiritual-happiness-tapping-into-the-souls-storehouse-of-love-peace-and-joy,/teachings-library/spiritual-happiness-tapping-into-the-souls-storehouse-of-love-peace-and-joy-by-preeti-mai
831557,OIS,https://test.yssofindia.org/teachings-library/a-promise-of-light-by-sri-sri-daya-mata,/blog/a-promise-of-light,/teachings-library/a-promise-of-light-by-sri-sri-daya-mata
856979,OIS,https://test.yssofindia.org/teachings-library/the-guru-guide-to-eternal-freedom-by-swami-anilananda-giri,/blog/the-guru-guide-to-eternal-freedom,/teachings-library/the-guru-guide-to-eternal-freedom-by-swami-anilananda-giri
808637,OIS,https://test.yssofindia.org/teachings-library/true-devotion-living-in-gods-presence-moment-by-moment-by-swami-vishwananda-giri,/blog/true-devotion-living-in-gods-presence-moment-by-moment-by-swami-vishwananda-giri,/teachings-library/true-devotion-living-in-gods-presence-moment-by-moment-by-swami-vishwananda-giri
815258,OIS,https://test.yssofindia.org/teachings-library/finding-spiritual-balance-in-your-life-by-priya-mai,/blog/finding-spiritual-balance-in-your-life,/teachings-library/finding-spiritual-balance-in-your-life-by-priya-mai
831176,OIS,https://test.yssofindia.org/teachings-library/principles-of-effective-prayer-by-swami-smaranananda-giri,/blog/principles-of-effective-prayer,/teachings-library/principles-of-effective-prayer-by-swami-smaranananda-giri
872781,OIS,https://test.yssofindia.org/teachings-library/strengthening-character-by-developing-spiritual-courage-and-endurance-by-swami-chidananda-giri,/blog/strengthening-character-by-developing-spiritual-courage-and-endurance,/teachings-library/strengthening-character-by-developing-spiritual-courage-and-endurance-by-swami-chidananda-giri
809224,OIS,https://test.yssofindia.org/teachings-library/fulfilling-the-highest-purpose-of-life-by-swami-vishwananda-giri,/blog/fulfilling-the-highest-purpose-of-life,/teachings-library/fulfilling-the-highest-purpose-of-life-by-swami-vishwananda-giri
809789,OIS,https://test.yssofindia.org/teachings-library/the-final-days-of-paramahansa-yogananda-by-sri-sri-daya-mata,/blog/my-spirit-shall-live-on-the-final-days-of-paramahansa-yogananda-by-sri-daya-mata,/teachings-library/the-final-days-of-paramahansa-yogananda-by-sri-sri-daya-mata
884785,OIS,https://test.yssofindia.org/teachings-library/celebrating-christmas-in-the-temple-of-the-soul-by-swami-nakulananda-giri,/blog/celebrating-christmas-in-the-temple-of-the-soul-by-swami-nakulananda-giri,/teachings-library/celebrating-christmas-in-the-temple-of-the-soul-by-swami-nakulananda-giri
855035,OIS,https://test.yssofindia.org/teachings-library/the-deeper-teachings-of-jesus-christ-by-swami-saralananda-giri,/blog/the-deeper-teachings-of-jesus-christ-by-swami-saralananda-giri,/teachings-library/the-deeper-teachings-of-jesus-christ-by-swami-saralananda-giri
827899,OIS,https://test.yssofindia.org/teachings-library/living-without-fear-by-swami-anantananda-giri,/blog/living-without-fear-by-swami-anantananda-giri,/teachings-library/living-without-fear-by-swami-anantananda-giri
814359,OIS,https://test.yssofindia.org/teachings-library/opening-your-heart-to-gods-presence-by-sri-daya-mata,/blog/opening-your-heart-to-gods-presence-by-sri-daya-mata,/teachings-library/opening-your-heart-to-gods-presence-by-sri-daya-mata
880444,OIS,https://test.yssofindia.org/teachings-library/getting-acquainted-with-god-by-swami-sattvananda-giri,/blog/getting-acquainted-with-god-by-swami-sattvananda-giri,/teachings-library/getting-acquainted-with-god-by-swami-sattvananda-giri
868310,YSS OIS,https://test.yssofindia.org/teachings-library/importance-of-sadhana-and-seva-for-a-devotee-by-swami-ishwarananda-giri,/blog/importance-of-sadhana-and-seva-for-a-devotee-by-swami-ishwarananda-giri,/teachings-library/importance-of-sadhana-and-seva-for-a-devotee-by-swami-ishwarananda-giri
